country.code,country.name,year,agriculture.ghg.emissions.mio.tonnes,energy.ghg.emissions.mio.tonnes,industry.ghg.emissions.mio.tonnes,total.ghg.emissions.mio.tonnes,transport.ghg.emissions.mio.tonnes,waste.ghg.emissions.mio.tonnes,ghg.emissions.per.capita.tonnes
AT,Austria,2019,7.4,30.8,16.1,80.4,24.6,1.4,9
BE,Belgium,2019,9.9,55.8,19.9,114,27,1.3,9.9
BG,Bulgaria,2019,5.8,44,5.4,69.2,10.2,3.8,9.9
CH,Switzerland,2019,6,20.4,3.8,46.4,15.5,0.8,5.4
CY,Cyprus,2019,0.5,4.5,1.4,9.1,2.1,0.6,10.1
CZ,Czech Republic,2019,8.4,79.3,15.8,127.1,18.1,5.4,11.9
DE,Germany,2019,63.8,551.2,59.1,853.3,170.1,9.1,10.3
DK,Denmark,2019,10.4,18.5,2.1,45.1,13,1.1,7.8
EE,Estonia,2019,1.4,15.4,0.7,20,2.3,0.3,15.4
ES,Spain,2019,34.6,163.1,31.3,332.1,89.2,14,7.1
EU,EU,2019,427.5,2297.7,369.6,4160,936.7,128.4,8.1
FI,Finland,2019,6.6,27.8,6.2,53.8,11.5,1.7,9.8
FR,France,2019,75.8,192.2,42.9,460.7,133.9,15.8,6.9
GB,United Kingdom,2019,39.8,224.5,27.8,424.8,115.6,17.1,6.4
GR,Greece,2019,8,48.3,11.1,89.9,17.7,4.7,8.4
HR,Croatia,2019,2.8,9.4,2.8,23.7,6.3,2.4,5.8
HU,Hungary,2019,7.2,32.5,7.1,63.9,13.8,3.2,6.5
IE,Ireland,2019,19.8,25.4,3.4,62,12.7,0.6,12.7
IS,Iceland,2019,0.6,1,2.2,5,1,0.2,12.5
IT,Italy,2019,30.7,240,32.3,422.3,103,16.3,7
LT,Lithuania,2019,4.3,5.6,4,20.2,5.5,0.9,7.2
LU,Luxembourg,2019,0.7,3.1,0.6,10.2,5.6,0.1,17
LV,Latvia,2019,2.8,4.4,0.8,11.6,3.1,0.5,6.1
MT,Malta,2019,0.1,1.2,0.2,2.4,0.6,0.2,4.8
NL,Netherlands,2019,18.9,112.1,11.1,174.8,29.9,2.7,10
NO,Norway,2019,4.5,25.4,8.4,51.5,12,1.1,9.7
PL,Poland,2019,30.8,265.6,29,396.3,59,11.8,10.3
PT,Portugal,2019,6.8,29.3,7.2,64.4,16.3,4.8,6.3
RO,Romania,2019,19.1,63.5,12.5,117.8,17.3,5.3,6.1
SE,Sweden,2019,6.8,19.7,7.7,50.7,15.4,1.1,4.9
SI,Slovenia,2019,1.9,8.9,1.3,17.9,5.4,0.5,8.5
SK,Slovakia,2019,2.4,21.4,9.5,42.6,7.7,1.6,7.7
